AccessID,UserID,AccessDate,AccessPage
1,91,2024-01-23,Home
2,97,2024-01-19,About
3,57,2024-02-23,Products
4,17,2024-02-17,About
5,55,2024-01-11,Contact Us
6,87,2024-02-08,Products
7,2,2024-02-14,Contact Us
8,3,2024-01-08,Home
9,35,2024-01-26,About
10,60,2024-01-18,Contact Us
11,5,2024-02-16,Products
12,50,2024-01-18,Home
13,96,2024-02-15,About
14,21,2024-01-09,About
15,95,2024-02-04,About
16,47,2024-01-07,Contact Us
17,36,2024-02-04,Contact Us
18,59,2024-02-02,Contact Us
19,34,2024-01-12,Home
20,99,2024-02-04,Products
21,90,2024-01-21,Contact Us
22,5,2024-02-04,Products
23,44,2024-01-24,Home
24,100,2024-01-01,About
25,64,2024-01-25,Home
26,51,2024-02-10,Contact Us
27,3,2024-01-24,About
28,21,2024-01-25,About
29,32,2024-02-13,About
30,52,2024-01-06,Home
31,81,2024-02-06,About
32,20,2024-01-14,Contact Us
33,50,2024-01-23,Products
34,3,2024-01-09,Home
35,47,2024-01-03,About
36,55,2024-02-11,About
37,12,2024-01-31,Home
38,73,2024-01-03,Products
39,92,2024-02-03,Products
40,38,2024-01-22,Contact Us
41,87,2024-02-08,About
42,22,2024-02-07,About
43,39,2024-01-20,Products
44,21,2024-02-09,About
45,75,2024-01-17,Products
46,36,2024-01-05,About
47,32,2024-02-22,Home
48,66,2024-02-13,Home
49,14,2024-02-08,Home
50,9,2024-01-27,Contact Us
51,92,2024-02-08,About
52,68,2024-02-06,About
53,1,2024-02-14,About
54,44,2024-01-19,Products
55,75,2024-02-09,About
56,54,2024-01-27,Contact Us
57,14,2024-02-22,Products
58,59,2024-01-15,About
59,38,2024-02-24,Products
60,46,2024-02-10,Home
61,35,2024-02-17,Contact Us
62,16,2024-01-30,About
63,18,2024-01-04,Home
64,67,2024-01-11,Products
65,84,2024-02-12,Home
66,27,2024-02-15,Products
67,39,2024-01-17,Contact Us
68,18,2024-02-16,About
69,88,2024-01-23,Contact Us
70,64,2024-01-08,About
71,72,2024-02-06,Contact Us
72,58,2024-01-10,Products
73,63,2024-02-23,Home
74,39,2024-01-29,About
75,15,2024-02-13,Contact Us
76,52,2024-01-01,Home
77,15,2024-02-25,Home
78,78,2024-02-05,About
79,3,2024-01-08,Home
80,58,2024-01-04,Products
81,33,2024-02-05,About
82,18,2024-02-17,Products
83,46,2024-01-19,Products
84,55,2024-02-07,Home
85,43,2024-02-22,Home
86,38,2024-01-01,Contact Us
87,71,2024-01-18,About
88,37,2024-02-15,Contact Us
89,2,2024-02-24,About
90,35,2024-01-22,Home
91,46,2024-02-20,About
92,67,2024-01-04,Home
93,15,2024-01-15,Products
94,100,2024-01-30,Products
95,48,2024-01-09,Contact Us
96,39,2024-01-24,Home
97,1,2024-02-13,Products
98,10,2024-01-30,Contact Us
99,89,2024-02-05,Products
100,57,2024-01-02,Home
101,22,2024-01-25,About
102,14,2024-01-14,Contact Us
103,93,2024-01-29,Products
104,97,2024-02-23,Contact Us
105,38,2024-01-16,Home
106,43,2024-01-07,Home
107,52,2024-01-26,About
108,65,2024-02-05,Contact Us
109,7,2024-01-24,Contact Us
110,93,2024-01-03,About
111,84,2024-01-24,Contact Us
112,76,2024-01-26,Contact Us
113,3,2024-02-04,Contact Us
114,43,2024-02-08,Home
115,84,2024-01-18,Home
116,47,2024-02-07,Home
117,71,2024-02-18,About
118,8,2024-02-15,Home
119,49,2024-02-12,About
120,72,2024-02-07,Products
121,81,2024-02-13,About
122,12,2024-01-31,About
123,38,2024-02-14,Contact Us
124,35,2024-01-16,About
125,17,2024-02-03,Products
126,81,2024-02-19,Products
127,23,2024-02-08,Contact Us
128,92,2024-02-10,Products
129,36,2024-02-16,Products
130,25,2024-01-21,About
131,26,2024-01-21,Home
132,60,2024-02-07,About
133,16,2024-01-26,Contact Us
134,64,2024-02-15,About
135,21,2024-02-06,About
136,66,2024-02-05,Contact Us
137,52,2024-01-10,Products
138,35,2024-01-17,Home
139,35,2024-02-14,About
140,2,2024-01-27,Home
141,17,2024-01-21,Home
142,61,2024-01-28,Contact Us
143,23,2024-01-04,About
144,24,2024-02-22,Home
145,41,2024-02-25,Home
146,99,2024-01-06,Home
147,80,2024-01-02,Products
148,62,2024-01-10,Contact Us
149,46,2024-02-25,Products
150,4,2024-02-10,Contact Us
151,16,2024-01-20,Home
152,75,2024-01-02,About
153,82,2024-01-19,Home
154,9,2024-01-20,About
155,19,2024-02-23,Contact Us
156,53,2024-02-07,Home
157,37,2024-01-31,About
158,54,2024-01-14,About
159,94,2024-01-30,Contact Us
160,86,2024-01-27,Products
161,86,2024-02-21,About
162,31,2024-02-05,Home
163,81,2024-01-01,Contact Us
164,37,2024-02-19,Contact Us
165,88,2024-01-31,About
166,82,2024-02-14,Home
167,33,2024-01-05,Products
168,37,2024-02-11,About
169,11,2024-02-20,Contact Us
170,32,2024-02-15,Home
171,56,2024-02-03,Products
172,45,2024-02-19,Home
173,66,2024-01-10,Home
174,53,2024-02-08,About
175,61,2024-01-21,About
176,67,2024-01-17,Products
177,80,2024-01-01,Home
178,87,2024-02-15,Home
179,91,2024-01-15,Products
180,11,2024-02-24,Contact Us
181,49,2024-01-31,Contact Us
182,97,2024-02-23,About
183,68,2024-02-23,Products
184,82,2024-02-19,About
185,6,2024-01-27,Home
186,27,2024-02-24,Contact Us
187,31,2024-01-04,Products
188,74,2024-01-05,Contact Us
189,57,2024-02-22,Contact Us
190,4,2024-01-29,Contact Us
191,96,2024-01-30,Home
192,36,2024-01-01,About
193,8,2024-02-07,About
194,10,2024-01-05,Products
195,31,2024-01-16,Contact Us
196,23,2024-01-29,Home
197,70,2024-02-15,Products
198,83,2024-01-30,About
199,91,2024-01-09,Products
200,20,2024-02-24,Home
201,99,2024-02-22,Products
202,7,2024-01-10,Contact Us
203,32,2024-02-20,About
204,30,2024-02-05,Home
205,63,2024-01-01,Products
206,47,2024-02-20,About
207,66,2024-02-03,Contact Us
208,8,2024-02-15,Products
209,58,2024-01-07,Products
210,14,2024-01-13,Products
211,63,2024-02-19,Home
212,100,2024-02-13,Contact Us
213,86,2024-01-27,About
214,47,2024-01-23,Contact Us
215,82,2024-02-16,Products
216,39,2024-01-09,Contact Us
217,57,2024-01-09,Contact Us
218,35,2024-01-21,Home
219,82,2024-01-19,Home
220,67,2024-02-08,Home
221,10,2024-01-04,Products
222,99,2024-02-07,Contact Us
223,90,2024-01-16,About
224,12,2024-01-20,Home
225,51,2024-02-02,Products
226,74,2024-01-09,Home
227,41,2024-01-28,About
228,48,2024-01-10,Products
229,88,2024-01-28,Home
230,98,2024-02-07,Contact Us
231,82,2024-01-21,Contact Us
232,25,2024-01-12,Products
233,32,2024-01-05,Products
234,49,2024-01-16,About
235,13,2024-01-08,Contact Us
236,38,2024-02-11,Products
237,36,2024-01-23,Contact Us
238,67,2024-01-02,Home
239,90,2024-02-08,Home
240,47,2024-02-23,About
241,44,2024-01-05,Products
242,57,2024-01-18,About
243,95,2024-01-11,Products
244,62,2024-02-15,Products
245,61,2024-01-03,Products
246,34,2024-01-10,About
247,2,2024-01-20,Products
248,43,2024-02-18,About
249,26,2024-02-06,Home
250,45,2024-01-16,Contact Us
251,37,2024-01-09,Products
252,42,2024-01-04,About
253,75,2024-01-08,About
254,30,2024-01-21,Home
255,91,2024-01-16,Contact Us
256,96,2024-01-16,Products
257,70,2024-01-10,Contact Us
258,4,2024-01-06,Home
259,85,2024-02-07,Home
260,85,2024-01-28,Products
261,54,2024-02-01,Contact Us
262,45,2024-02-13,About
263,74,2024-01-31,About
264,82,2024-01-23,Contact Us
265,8,2024-01-11,Products
266,58,2024-02-13,Products
267,44,2024-01-29,Products
268,32,2024-01-08,Products
269,38,2024-02-19,Contact Us
270,45,2024-02-06,Contact Us
271,49,2024-01-14,Contact Us
272,5,2024-02-05,Contact Us
273,46,2024-02-14,Products
274,21,2024-02-16,Home
275,3,2024-01-20,Products
276,41,2024-02-01,Home
277,71,2024-02-11,Home
278,100,2024-01-02,Products
279,33,2024-01-04,Products
280,44,2024-01-10,Home
281,37,2024-02-15,Contact Us
282,92,2024-02-24,About
283,53,2024-01-18,Home
284,72,2024-02-20,Home
285,49,2024-01-31,About
286,37,2024-01-22,Products
287,98,2024-02-25,Products
288,53,2024-02-14,About
289,27,2024-01-30,About
290,88,2024-01-25,Products
291,89,2024-02-12,Home
292,39,2024-01-31,Products
293,86,2024-01-20,Contact Us
294,31,2024-01-18,Contact Us
295,32,2024-01-31,Home
296,65,2024-02-03,Products
297,41,2024-01-18,Home
298,15,2024-02-04,Home
299,25,2024-01-23,About
300,96,2024-02-07,Contact Us
301,61,2024-02-13,Products
302,58,2024-02-21,Products
303,3,2024-01-07,Home
304,41,2024-02-11,Home
305,85,2024-02-07,Contact Us
306,17,2024-01-12,Contact Us
307,87,2024-01-23,Home
308,34,2024-01-26,Products
309,33,2024-02-08,Products
310,63,2024-02-14,Products
311,14,2024-01-16,About
312,64,2024-02-08,About
313,67,2024-02-02,Products
314,83,2024-01-11,Products
315,35,2024-01-12,Contact Us
316,25,2024-02-12,Products
317,52,2024-01-10,Contact Us
318,32,2024-02-22,Products
319,53,2024-01-24,Products
320,58,2024-01-23,About
321,86,2024-02-15,Products
322,100,2024-01-08,Home
323,33,2024-01-12,Products
324,99,2024-01-25,Home
325,7,2024-02-20,Home
326,87,2024-02-07,Home
327,42,2024-01-16,Products
328,54,2024-02-17,Home
329,4,2024-02-14,Home
330,65,2024-02-03,About
331,36,2024-02-04,Products
332,79,2024-02-17,Products
333,10,2024-02-21,Home
334,70,2024-01-19,Contact Us
335,92,2024-02-04,Products
336,75,2024-01-09,About
337,88,2024-01-09,Products
338,7,2024-02-11,Products
339,61,2024-02-22,Products
340,51,2024-01-19,About
341,96,2024-02-25,Contact Us
342,59,2024-02-17,Contact Us
343,7,2024-02-05,Contact Us
344,1,2024-02-09,About
345,58,2024-01-10,Contact Us
346,74,2024-01-03,Products
347,30,2024-01-08,Products
348,42,2024-02-03,Products
349,90,2024-01-13,Contact Us
350,36,2024-01-15,Contact Us
351,82,2024-01-28,Contact Us
352,77,2024-01-20,About
353,59,2024-01-07,Contact Us
354,33,2024-01-28,Contact Us
355,85,2024-02-05,Products
356,4,2024-01-25,Home
357,63,2024-01-26,Products
358,66,2024-02-02,About
359,81,2024-02-06,Products
360,31,2024-02-18,Products
361,95,2024-01-16,Home
362,57,2024-02-22,Home
363,29,2024-01-18,Home
364,67,2024-01-26,Home
365,65,2024-01-25,Contact Us
366,9,2024-01-29,Products
367,85,2024-02-06,Products
368,54,2024-01-26,Home
369,88,2024-02-12,Products
370,7,2024-01-03,Contact Us
371,38,2024-02-04,Home
372,43,2024-01-31,Home
373,10,2024-01-29,About
374,41,2024-01-14,Contact Us
375,53,2024-01-31,Home
376,80,2024-02-05,About
377,14,2024-02-17,About
378,50,2024-01-04,Products
379,13,2024-01-26,Products
380,38,2024-01-15,Products
381,39,2024-01-10,Products
382,77,2024-02-23,Contact Us
383,27,2024-01-31,About
384,100,2024-01-23,Products
385,8,2024-01-05,Home
386,100,2024-02-05,Products
387,98,2024-02-23,Products
388,4,2024-01-06,About
389,31,2024-02-01,Products
390,38,2024-02-16,Products
391,76,2024-01-20,Products
392,38,2024-02-01,Products
393,65,2024-01-09,About
394,6,2024-02-23,Contact Us
395,85,2024-02-07,Home
396,31,2024-01-31,About
397,95,2024-01-21,Home
398,59,2024-02-05,Contact Us
399,63,2024-01-01,About
400,86,2024-02-12,Products
401,38,2024-01-24,About
402,5,2024-02-08,Products
403,13,2024-02-04,Home
404,6,2024-01-21,Home
405,65,2024-02-06,Products
406,57,2024-01-31,Products
407,91,2024-01-07,Contact Us
408,69,2024-01-11,Contact Us
409,77,2024-01-22,Contact Us
410,5,2024-01-10,About
411,44,2024-01-02,Contact Us
412,22,2024-01-14,About
413,91,2024-01-24,Home
414,59,2024-02-16,Home
415,65,2024-01-16,Products
416,6,2024-01-12,Contact Us
417,65,2024-01-03,About
418,71,2024-02-24,Products
419,15,2024-01-27,Home
420,11,2024-02-19,About
421,23,2024-02-23,About
422,19,2024-01-18,About
423,16,2024-02-02,Contact Us
424,96,2024-01-18,About
425,60,2024-01-29,Contact Us
426,48,2024-01-02,About
427,18,2024-02-19,Products
428,69,2024-02-08,Contact Us
429,18,2024-02-03,Products
430,18,2024-02-22,About
431,97,2024-01-03,Contact Us
432,66,2024-01-30,Products
433,90,2024-01-08,About
434,66,2024-01-07,Contact Us
435,13,2024-02-11,Home
436,72,2024-01-28,Home
437,79,2024-01-26,Products
438,26,2024-01-25,Contact Us
439,92,2024-01-24,Home
440,99,2024-01-25,About
441,72,2024-01-23,Products
442,96,2024-02-15,Products
443,25,2024-01-16,About
444,24,2024-02-23,Home
445,89,2024-01-05,Contact Us
446,16,2024-01-09,Contact Us
447,17,2024-01-13,Products
448,79,2024-02-24,Products
449,6,2024-01-28,Products
450,21,2024-01-02,Home
451,21,2024-02-08,Home
452,46,2024-01-23,Contact Us
453,55,2024-02-16,Home
454,62,2024-01-23,Products
455,64,2024-02-19,Products
456,12,2024-02-02,Contact Us
457,87,2024-01-06,Products
458,12,2024-02-05,Contact Us
459,100,2024-01-13,Contact Us
460,48,2024-01-26,Contact Us
461,66,2024-01-08,Home
462,5,2024-01-11,Products
463,34,2024-01-30,Products
464,58,2024-01-16,Contact Us
465,96,2024-01-04,Home
466,68,2024-02-21,About
467,70,2024-02-14,About
468,8,2024-01-03,About
469,77,2024-01-15,Contact Us
470,46,2024-02-01,Home
471,31,2024-01-25,Home
472,20,2024-02-08,Contact Us
473,76,2024-01-30,Products
474,48,2024-02-01,Contact Us
475,99,2024-02-15,Home
476,50,2024-02-02,Home
477,52,2024-01-28,About
478,46,2024-02-16,Products
479,19,2024-01-05,Products
480,17,2024-01-04,Contact Us
481,41,2024-02-02,Products
482,54,2024-01-28,Contact Us
483,77,2024-01-29,About
484,91,2024-02-22,About
485,83,2024-02-07,Home
486,7,2024-02-02,Contact Us
487,43,2024-01-10,Products
488,83,2024-02-15,Home
489,5,2024-02-24,Products
490,82,2024-02-03,Products
491,17,2024-01-13,Products
492,50,2024-02-13,About
493,48,2024-02-01,Products
494,17,2024-01-11,Contact Us
495,9,2024-01-26,Products
496,30,2024-01-07,Contact Us
497,82,2024-02-01,Contact Us
498,31,2024-01-15,Contact Us
499,85,2024-02-18,Products
500,80,2024-01-02,About
501,4,2024-02-11,Home
502,31,2024-02-09,Products
503,74,2024-02-05,Contact Us
504,11,2024-01-06,Products
505,20,2024-02-15,Products
506,22,2024-02-24,About
507,78,2024-01-13,Home
508,90,2024-01-26,Contact Us
509,20,2024-02-23,About
510,52,2024-01-30,Contact Us
511,15,2024-02-19,Contact Us
512,9,2024-02-06,Contact Us
513,19,2024-01-16,Home
514,17,2024-02-23,About
515,32,2024-02-14,About
516,26,2024-02-22,Contact Us
517,84,2024-02-05,About
518,76,2024-02-04,Contact Us
519,57,2024-02-03,Contact Us
520,64,2024-01-16,About
521,96,2024-01-10,Home
522,30,2024-01-04,Contact Us
523,57,2024-01-05,Contact Us
524,87,2024-01-20,Contact Us
525,28,2024-02-10,About
526,70,2024-02-16,Contact Us
527,50,2024-01-28,Products
528,99,2024-02-20,Contact Us
529,66,2024-01-22,Contact Us
530,80,2024-01-24,About
531,45,2024-02-17,Products
532,11,2024-01-09,About
533,36,2024-02-06,Contact Us
534,69,2024-02-13,Home
535,100,2024-01-18,About
536,12,2024-02-23,Home
537,95,2024-02-11,Products
538,13,2024-02-06,Products
539,13,2024-01-29,Contact Us
540,38,2024-01-01,Contact Us
541,92,2024-02-07,Products
542,26,2024-01-31,Home
543,55,2024-02-06,Products
544,28,2024-02-12,Products
545,81,2024-01-19,Contact Us
546,75,2024-01-23,About
547,12,2024-01-03,Home
548,18,2024-02-09,Contact Us
549,68,2024-01-09,Home
550,56,2024-02-18,About
551,25,2024-01-21,Contact Us
552,15,2024-01-21,Home
553,20,2024-02-09,Contact Us
554,70,2024-02-03,Contact Us
555,75,2024-01-28,Products
556,16,2024-01-08,Products
557,74,2024-01-13,About
558,30,2024-01-29,Home
559,17,2024-01-29,Home
560,72,2024-02-10,Home
561,36,2024-02-13,Contact Us
562,49,2024-01-31,Products
563,25,2024-02-22,Home
564,90,2024-02-23,Home
565,37,2024-02-15,Products
566,10,2024-01-19,Products
567,78,2024-01-18,About
568,95,2024-02-17,Products
569,31,2024-01-18,About
570,66,2024-02-23,Contact Us
571,22,2024-02-15,Products
572,30,2024-02-04,Contact Us
573,42,2024-01-23,Products
574,52,2024-02-22,Contact Us
575,3,2024-02-21,Home
576,32,2024-02-23,Contact Us
577,63,2024-02-10,Home
578,11,2024-02-23,Home
579,90,2024-02-15,Contact Us
580,88,2024-01-30,Home
581,80,2024-01-21,Products
582,68,2024-02-04,Contact Us
583,91,2024-02-05,Contact Us
584,70,2024-01-12,Home
585,42,2024-02-14,About
586,89,2024-01-21,Contact Us
587,28,2024-02-06,About
588,43,2024-02-10,About
589,21,2024-01-22,Products
590,39,2024-01-05,Products
591,61,2024-02-12,About
592,12,2024-01-06,Contact Us
593,5,2024-01-09,Home
594,77,2024-01-05,Home
595,81,2024-02-12,Products
596,64,2024-02-22,Contact Us
597,98,2024-02-09,About
598,54,2024-01-10,Contact Us
599,79,2024-02-23,Products
600,97,2024-01-13,Products
601,13,2024-01-07,Contact Us
602,91,2024-02-02,Products
603,15,2024-02-04,About
604,85,2024-02-21,Home
605,91,2024-01-28,Contact Us
606,95,2024-02-02,About
607,45,2024-01-28,Home
608,61,2024-01-30,About
609,62,2024-02-06,Products
610,54,2024-01-07,Contact Us
611,66,2024-01-28,Contact Us
612,27,2024-01-17,Home
613,98,2024-01-24,Products
614,69,2024-01-10,Home
615,64,2024-02-08,Home
616,79,2024-01-21,Products
617,11,2024-02-04,Contact Us
618,18,2024-01-04,About
619,91,2024-01-13,Contact Us
620,16,2024-01-13,Products
621,86,2024-01-22,About
622,76,2024-01-05,Products
623,22,2024-02-03,Home
624,68,2024-01-01,Home
625,93,2024-01-19,Home
626,100,2024-02-12,Contact Us
627,32,2024-02-15,Products
628,96,2024-02-22,Home
629,53,2024-02-08,About
630,92,2024-02-01,About
631,77,2024-02-04,Products
632,31,2024-02-06,Home
633,71,2024-01-07,Home
634,44,2024-02-25,Home
635,88,2024-01-23,Home
636,41,2024-01-31,Products
637,43,2024-01-13,Products
638,55,2024-01-21,Contact Us
639,44,2024-01-23,About
640,4,2024-02-16,Contact Us
641,14,2024-02-23,About
642,11,2024-02-05,About
643,86,2024-02-04,About
644,22,2024-01-23,Products
645,19,2024-02-21,About
646,76,2024-01-30,Products
647,72,2024-01-26,Products
648,9,2024-02-07,Contact Us
649,29,2024-02-18,About
650,89,2024-02-12,Home
651,1,2024-02-15,Products
652,9,2024-01-04,About
653,1,2024-02-13,Products
654,80,2024-02-06,Contact Us
655,70,2024-01-27,Home
656,15,2024-01-04,Products
657,72,2024-02-22,Products
658,28,2024-02-18,Products
659,94,2024-02-14,About
660,37,2024-01-31,Home
661,59,2024-02-17,Home
662,43,2024-02-05,Home
663,93,2024-01-29,Contact Us
664,99,2024-01-20,Home
665,37,2024-01-09,Products
666,25,2024-01-06,Products
667,79,2024-01-16,About
668,30,2024-01-20,Home
669,73,2024-02-06,About
670,6,2024-01-02,Products
671,37,2024-01-10,Contact Us
672,88,2024-02-22,Products
673,96,2024-01-24,Home
674,5,2024-02-16,Products
675,21,2024-01-31,Products
676,92,2024-02-08,About
677,40,2024-02-14,Contact Us
678,39,2024-02-05,Home
679,94,2024-01-13,Contact Us
680,38,2024-02-24,Contact Us
681,77,2024-01-24,Contact Us
682,26,2024-02-03,Products
683,15,2024-01-07,About
684,11,2024-01-05,Home
685,9,2024-02-04,About
686,21,2024-01-17,Products
687,60,2024-01-11,Contact Us
688,63,2024-02-13,Home
689,33,2024-02-02,Home
690,90,2024-01-19,About
691,32,2024-02-04,Contact Us
692,95,2024-01-24,About
693,76,2024-01-22,About
694,17,2024-02-03,About
695,46,2024-01-18,Contact Us
696,22,2024-02-09,About
697,93,2024-02-12,Products
698,23,2024-02-11,Contact Us
699,49,2024-02-21,Products
700,72,2024-02-18,Home
701,66,2024-02-24,Products
702,55,2024-02-19,Home
703,16,2024-01-14,Home
704,22,2024-02-03,Home
705,60,2024-02-23,About
706,47,2024-02-09,Products
707,6,2024-01-20,Home
708,97,2024-01-22,Products
709,87,2024-01-30,Contact Us
710,7,2024-02-15,About
711,99,2024-01-23,About
712,39,2024-01-26,About
713,91,2024-01-09,Contact Us
714,65,2024-02-01,About
715,98,2024-01-11,Products
716,23,2024-01-15,Products
717,70,2024-01-27,Products
718,75,2024-02-06,Contact Us
719,88,2024-01-11,About
720,67,2024-01-19,Home
721,81,2024-01-15,Products
722,18,2024-02-13,Home
723,1,2024-02-05,Home
724,17,2024-01-02,Products
725,19,2024-01-19,About
726,57,2024-01-16,Contact Us
727,90,2024-02-22,Contact Us
728,41,2024-01-09,Home
729,62,2024-01-24,Home
730,74,2024-02-16,Products
731,56,2024-01-07,About
732,78,2024-01-31,About
733,59,2024-01-27,Home
734,61,2024-02-11,Home
735,66,2024-02-25,About
736,80,2024-01-15,Products
737,38,2024-01-23,Contact Us
738,87,2024-02-02,Home
739,48,2024-02-07,Products
740,67,2024-02-18,Products
741,95,2024-01-13,Contact Us
742,82,2024-02-09,Contact Us
743,83,2024-01-27,Products
744,64,2024-01-21,Home
745,60,2024-02-25,Contact Us
746,6,2024-02-13,Products
747,71,2024-01-16,Contact Us
748,69,2024-02-14,Home
749,7,2024-01-21,Home
750,60,2024-02-21,About
751,19,2024-01-28,Products
752,42,2024-02-03,Home
753,55,2024-01-11,Products
754,28,2024-02-14,Products
755,94,2024-01-14,Products
756,72,2024-01-18,Products
757,59,2024-01-09,Home
758,74,2024-01-29,About
759,79,2024-01-26,About
760,96,2024-02-03,About
761,41,2024-01-05,Home
762,90,2024-02-25,Home
763,61,2024-01-13,About
764,100,2024-02-24,Products
765,14,2024-01-26,Home
766,3,2024-01-17,About
767,77,2024-01-14,About
768,95,2024-01-02,About
769,88,2024-02-18,Home
770,79,2024-02-17,Home
771,13,2024-01-26,Products
772,84,2024-02-15,Contact Us
773,8,2024-01-08,Contact Us
774,86,2024-01-08,About
775,55,2024-01-01,About
776,42,2024-02-17,About
777,13,2024-01-13,Contact Us
778,31,2024-01-19,Home
779,57,2024-01-02,About
780,50,2024-02-09,Home
781,63,2024-01-15,Products
782,21,2024-02-14,Contact Us
783,8,2024-01-01,Home
784,75,2024-01-21,Products
785,32,2024-01-27,Home
786,9,2024-02-08,Products
787,29,2024-02-12,About
788,54,2024-01-30,Products
789,76,2024-01-04,Contact Us
790,35,2024-02-21,About
791,48,2024-02-02,Products
792,40,2024-01-28,Contact Us
793,36,2024-01-06,About
794,33,2024-01-03,Products
795,69,2024-01-28,Home
796,35,2024-01-23,Home
797,62,2024-02-21,Contact Us
798,21,2024-02-12,Products
799,84,2024-01-31,About
800,66,2024-02-05,About
801,72,2024-02-14,Home
802,36,2024-02-15,Products
803,14,2024-01-13,Contact Us
804,33,2024-01-15,Contact Us
805,81,2024-01-13,Home
806,19,2024-01-29,Contact Us
807,2,2024-02-15,About
808,94,2024-02-21,Contact Us
809,54,2024-01-16,About
810,19,2024-01-01,Contact Us
811,14,2024-01-02,Home
812,62,2024-02-07,Products
813,16,2024-02-07,Contact Us
814,5,2024-01-12,Home
815,82,2024-02-16,About
816,37,2024-01-25,Products
817,42,2024-01-09,About
818,30,2024-02-05,Contact Us
819,80,2024-01-31,Products
820,90,2024-02-03,About
821,20,2024-01-21,Products
822,63,2024-01-02,Home
823,99,2024-02-15,Products
824,1,2024-01-17,Products
825,44,2024-02-05,Contact Us
826,43,2024-01-01,Contact Us
827,71,2024-02-12,Home
828,32,2024-01-30,Home
829,7,2024-01-16,About
830,34,2024-01-06,Home
831,80,2024-02-08,About
832,51,2024-01-20,About
833,43,2024-02-08,Home
834,98,2024-01-31,Home
835,8,2024-01-21,Products
836,68,2024-01-16,Products
837,91,2024-01-10,About
838,81,2024-02-08,Products
839,33,2024-01-20,Home
840,59,2024-01-05,Products
841,80,2024-02-22,Products
842,71,2024-02-17,About
843,27,2024-02-16,Contact Us
844,76,2024-01-20,About
845,79,2024-02-05,Contact Us
846,31,2024-01-08,Contact Us
847,75,2024-02-09,About
848,36,2024-01-02,Products
849,29,2024-01-14,Contact Us
850,64,2024-02-09,About
851,38,2024-01-26,About
852,95,2024-01-06,Contact Us
853,67,2024-02-15,Products
854,4,2024-01-28,Products
855,88,2024-01-07,Home
856,17,2024-02-04,Products
857,55,2024-01-25,Home
858,95,2024-02-19,Products
859,94,2024-02-20,Home
860,67,2024-01-13,Products
861,55,2024-02-21,Products
862,21,2024-02-18,Contact Us
863,84,2024-01-16,Home
864,45,2024-01-22,Contact Us
865,95,2024-02-18,Products
866,59,2024-01-20,Products
867,80,2024-01-06,Contact Us
868,95,2024-01-25,Products
869,37,2024-02-11,Contact Us
870,2,2024-01-15,Home
871,53,2024-02-08,About
872,80,2024-02-15,Contact Us
873,81,2024-02-18,Products
874,61,2024-01-04,About
875,17,2024-01-23,About
876,1,2024-01-04,Products
877,15,2024-01-20,Home
878,10,2024-02-10,About
879,2,2024-01-23,Products
880,51,2024-02-07,About
881,31,2024-01-10,Home
882,70,2024-01-29,About
883,64,2024-01-17,About
884,82,2024-01-16,Products
885,22,2024-01-17,Contact Us
886,5,2024-02-02,Home
887,76,2024-01-31,Home
888,2,2024-01-21,About
889,19,2024-02-09,Contact Us
890,83,2024-01-28,Home
891,64,2024-01-27,Contact Us
892,72,2024-02-22,About
893,36,2024-01-15,Contact Us
894,16,2024-01-31,About
895,35,2024-02-24,Products
896,36,2024-01-30,About
897,9,2024-01-25,Contact Us
898,86,2024-02-15,Home
899,48,2024-01-06,Home
900,100,2024-01-30,About
901,85,2024-01-02,Products
902,87,2024-02-19,About
903,9,2024-02-23,About
904,8,2024-02-07,Products
905,53,2024-01-04,Products
906,46,2024-01-04,Contact Us
907,63,2024-02-23,Products
908,11,2024-01-13,Home
909,81,2024-01-18,About
910,51,2024-01-02,Home
911,83,2024-02-23,Products
912,28,2024-01-06,About
913,99,2024-01-21,Products
914,11,2024-02-06,Contact Us
915,13,2024-01-09,Contact Us
916,96,2024-01-14,Products
917,51,2024-01-26,About
918,66,2024-01-15,Contact Us
919,10,2024-01-15,Contact Us
920,34,2024-02-01,About
921,61,2024-02-08,Products
922,10,2024-01-16,Home
923,55,2024-02-08,About
924,66,2024-01-02,Contact Us
925,74,2024-01-19,Contact Us
926,37,2024-02-13,Home
927,52,2024-01-30,Products
928,78,2024-02-05,About
929,38,2024-01-24,Contact Us
930,73,2024-02-24,Products
931,54,2024-01-23,About
932,21,2024-02-23,Products
933,71,2024-02-12,Home
934,44,2024-02-11,Contact Us
935,10,2024-01-03,About
936,46,2024-02-17,Products
937,34,2024-02-03,Contact Us
938,1,2024-01-01,Products
939,44,2024-02-20,About
940,58,2024-01-19,About
941,84,2024-02-13,Products
942,89,2024-01-29,Contact Us
943,24,2024-02-07,About
944,29,2024-01-11,Products
945,23,2024-01-06,About
946,32,2024-01-18,Home
947,23,2024-01-14,Products
948,23,2024-02-16,Home
949,16,2024-01-14,About
950,39,2024-01-27,Home
951,97,2024-01-05,Home
952,84,2024-01-22,About
953,52,2024-01-15,Home
954,85,2024-01-29,Contact Us
955,99,2024-02-15,Home
956,72,2024-01-15,Products
957,68,2024-01-27,Contact Us
958,32,2024-02-14,Home
959,92,2024-01-11,About
960,87,2024-02-09,Home
961,94,2024-01-30,Home
962,75,2024-02-14,About
963,58,2024-02-23,About
964,93,2024-02-03,Products
965,19,2024-01-27,Home
966,82,2024-02-12,Products
967,20,2024-02-08,Home
968,82,2024-01-09,About
969,8,2024-01-21,Products
970,47,2024-01-10,Home
971,69,2024-01-14,About
972,71,2024-01-22,Contact Us
973,63,2024-02-01,Products
974,48,2024-02-21,Home
975,20,2024-02-15,Home
976,96,2024-02-16,Contact Us
977,58,2024-01-18,Home
978,71,2024-02-01,Products
979,40,2024-02-21,About
980,33,2024-01-05,Products
981,24,2024-01-26,Products
982,31,2024-02-20,Contact Us
983,13,2024-02-13,Contact Us
984,70,2024-02-11,About
985,63,2024-02-22,About
986,39,2024-02-21,About
987,34,2024-02-20,Contact Us
988,7,2024-02-08,Contact Us
989,94,2024-01-12,Products
990,56,2024-02-19,Products
991,20,2024-02-10,Products
992,4,2024-02-20,About
993,41,2024-02-21,About
994,43,2024-01-12,Contact Us
995,36,2024-02-08,Contact Us
996,79,2024-02-21,Home
997,23,2024-01-22,About
998,40,2024-02-05,Contact Us
999,27,2024-01-15,Products
1000,30,2024-02-05,About
